status,total_count,num_per_page,ticker_id,url
,375034,80,000002,
,265865,80,000001,
,80465,80,000005,
,49636,80,000006,
,1105,80,000003,
,30301,80,000007,
,57787,80,000010,
,29182,80,000008,
,19860,80,000004,
,83,80,000013,
,53571,80,000011,
,244143,80,000009,
,118158,80,000012,
,90243,80,000016,
,85,80,000015,
,63563,80,000017,
,16772,80,000018,
,40467,80,000020,
,57717,80,000021,
,40531,80,000019,
,25051,80,000022,
,38407,80,000014,
,19847,80,000023,
,83318,80,000024,
,102664,80,000025,
,21421,80,000026,
,51832,80,000027,
,11665,80,000028,
,37125,80,000029,
,68740,80,000030,
,86465,80,000031,
,30095,80,000032,
,40795,80,000033,
,36138,80,000034,
,22442,80,000035,
,57064,80,000036,
,20132,80,000037,
,82381,80,000039,
,16264,80,000038,
,28995,80,000040,
,31190,80,000042,
,46127,80,000043,
,31,80,000047,
,47115,80,000046,
,24979,80,000045,
,34048,80,000048,
,43865,80,000049,
,102172,80,000050,
,37271,80,000055,
,47173,80,000058,
,59053,80,000059,
,68686,80,000060,
,39374,80,000056,
,39363,80,000061,
,54285,80,000062,
,132988,80,000063,
,21773,80,000065,
,55696,80,000066,
,33853,80,000068,
,80649,80,000069,
,27108,80,000070,
,151204,80,000078,
,56012,80,000088,
,38557,80,000089,
,55434,80,000090,
,38560,80,000096,
,55995,80,000099,
,31180,80,000150,
,360791,80,000100,
,52448,80,000151,
,31861,80,000153,
,40100,80,000155,
,41214,80,000156,
,198152,80,000157,
,52466,80,000158,
,71733,80,000159,
,54329,80,000301,
,101362,80,000166,
,54403,80,000333,
,130914,80,000338,
,53426,80,000400,
,41173,80,000401,
,119422,80,000402,
,40027,80,000403,
,46535,80,000404,
,38,80,000405,
,436,80,000406,
,43844,80,000407,
,74496,80,000408,
,41483,80,000409,
,100914,80,000410,
,20333,80,000411,
,22,80,000412,
,91709,80,000413,
,75311,80,000415,
,42661,80,000416,
,34850,80,000417,
,24925,80,000418,
,30689,80,000419,
,46564,80,000420,
,32829,80,000421,
,80217,80,000422,
,72653,80,000423,
,101724,80,000425,
,61740,80,000426,
,40005,80,000428,
,30671,80,000429,
,32625,80,000430,
,67841,80,000488,
,69127,80,000498,
,21841,80,000501,
,39259,80,000502,
,93909,80,000503,
,44757,80,000504,
,53519,80,000505,
,60195,80,000506,
,41,80,000508,
,84179,80,000507,
,111197,80,000509,
,144962,80,000510,
,115504,80,000511,
,18475,80,000513,
,55811,80,000514,
,70,80,000515,
,67214,80,000517,
,70299,80,000516,
,144903,80,000518,
,59733,80,000519,
,130578,80,000520,
,59093,80,000521,
,37546,80,000524,
,30997,80,000525,
,56162,80,000523,
,27648,80,000526,
,42956,80,000527,
,80626,80,000528,
,54453,80,000529,
,89307,80,000522,
,41523,80,000530,
,34225,80,000531,
,70469,80,000532,
,45256,80,000533,
,38340,80,000534,
,357,80,000535,
,64403,80,000536,
,46067,80,000537,
,37005,80,000538,
,36646,80,000539,
,139175,80,000540,
,93837,80,000541,
,108,80,000542,
,59630,80,000543,
,28087,80,000544,
,72660,80,000545,
,23668,80,000546,
,60164,80,000547,
,29808,80,000548,
,58,80,000549,
,20274,80,000550,
,26551,80,000552,
,43486,80,000551,
,41366,80,000553,
,63268,80,000554,
,33306,80,000555,
,28,80,000556,
,81936,80,000557,
,48388,80,000558,
,130580,80,000559,
,20001,80,000560,
,60281,80,000561,
,74151,80,000562,
,51725,80,000563,
,44838,80,000564,
,38236,80,000565,
,24157,80,000566,
,30613,80,000567,
,84282,80,000568,
,48,80,000569,
,35002,80,000570,
,64653,80,000571,
,99194,80,000572,
,38113,80,000573,
,48402,80,000576,
,11669,80,000578,
,40352,80,000581,
,35737,80,000582,
,381,80,000583,
,44215,80,000584,
,72662,80,000585,
,32426,80,000586,
,103823,80,000587,
,20,80,000588,
,54248,80,000589,
,27018,80,000590,
,25045,80,000591,
,69681,80,000592,
,34504,80,000593,
,88059,80,000594,
,29301,80,000595,
,23357,80,000596,
,55319,80,000597,
,110313,80,000598,
,68250,80,000599,
,28826,80,000600,
,54386,80,000601,
,14873,80,000602,
,56269,80,000603,
,33435,80,000605,
,69120,80,000606,
,56321,80,000607,
,40516,80,000608,
,34965,80,000610,
,76488,80,000609,
,54798,80,000611,
,78325,80,000612,
,28267,80,000613,
,43524,80,000615,
,98680,80,000616,
,24365,80,000617,
,311,80,000618,
,29300,80,000619,
,55936,80,000620,
,26,80,000621,
,40132,80,000622,
,109542,80,000623,
,122970,80,000625,
,55777,80,000626,
,92571,80,000627,
,280564,80,000629,
,40459,80,000628,
,107501,80,000630,
,39813,80,000631,
,60409,80,000632,
,34290,80,000633,
,29487,80,000635,
,63241,80,000636,
,34723,80,000637,
,36304,80,000638,
,21867,80,000639,
,43289,80,000650,
,149721,80,000651,
,89788,80,000652,
,37,80,000653,
,59820,80,000655,
,76214,80,000656,
,61505,80,000657,
,32,80,000658,
,18,80,000660,
,85820,80,000659,
,65298,80,000661,
,40895,80,000662,
,47119,80,000663,
,35555,80,000665,
,42968,80,000666,
,109538,80,000667,
,24548,80,000668,
,19514,80,000669,
,259731,80,000670,
,37587,80,000671,
,28333,80,000672,
,23703,80,000673,
,20,80,000675,
,65579,80,000676,
,65300,80,000677,
,29467,80,000678,
,40926,80,000679,
,76061,80,000680,
,67406,80,000682,
,33288,80,000681,
,57497,80,000683,
,44675,80,000685,
,71664,80,000686,
,61356,80,000687,
,24,80,000689,
,50963,80,000688,
,57945,80,000690,
,55632,80,000691,
,46850,80,000692,
,53740,80,000693,
,56662,80,000697,
,21673,80,000695,
,59503,80,000698,
,340,80,000699,
,54758,80,000701,
,45941,80,000700,
,26623,80,000702,
,51909,80,000703,
,35066,80,000705,
,66861,80,000707,
,29399,80,000708,
,252606,80,000709,
,24121,80,000710,
,28373,80,000711,
,42210,80,000712,
,38905,80,000713,
,32262,80,000715,
,32679,80,000716,
,84577,80,000717,
,42387,80,000718,
,30391,80,000719,
,62221,80,000720,
,47927,80,000721,
,61869,80,000722,
,30591,80,000723,
,368301,80,000725,
,61286,80,000726,
,61329,80,000727,
,97101,80,000728,
,39157,80,000729,
,25,80,000730,
,63816,80,000731,
,40249,80,000732,
,33818,80,000733,
,194352,80,000735,
,25653,80,000736,
,58050,80,000737,
,59785,80,000738,
,59385,80,000739,
,43969,80,000748,
,95346,80,000750,
,129527,80,000751,
,96719,80,000752,
,48197,80,000753,
,60843,80,000755,
,23581,80,000756,
,25252,80,000757,
,121232,80,000758,
,37174,80,000759,
,54749,80,000760,
,30778,80,000761,
,28,80,000765,
,82311,80,000762,
,32427,80,000766,
,167,80,000763,
,57695,80,000767,
,184988,80,000768,
,185,80,000769,
,93399,80,000776,
,58771,80,000777,
,99814,80,000778,
,32449,80,000779,
,47718,80,000780,
,52893,80,000782,
,112353,80,000783,
,22309,80,000785,
,35287,80,000786,
,59146,80,000787,
,60722,80,000788,
,51858,80,000789,
,103198,80,000790,
,30591,80,000791,
,88553,80,000792,
,69466,80,000793,
,60392,80,000795,
,42660,80,000796,
,43134,80,000797,
,34389,80,000798,
,107811,80,000799,
,26101,80,000801,
,98075,80,000800,
,49429,80,000802,
,25092,80,000803,
,2464,80,000805,
,79749,80,000806,
,54545,80,000807,
,85135,80,000809,
,24859,80,000810,
,44716,80,000811,
,44776,80,000812,
,52405,80,000813,
,55813,80,000815,
,84752,80,000816,
,189,80,000817,
,55739,80,000818,
,167963,80,000819,
,78337,80,000820,
,53146,80,000821,
,54976,80,000822,
,65103,80,000823,
,86576,80,000825,
,39675,80,000826,
,328,80,000827,
,22701,80,000828,
,112991,80,000829,
,63593,80,000830,
,1048,80,000832,
,110308,80,000831,
,69854,80,000835,
,46858,80,000833,
,43880,80,000836,
,43192,80,000837,
,55997,80,000838,
,121795,80,000839,
,25430,80,000848,
,62589,80,000850,
,110580,80,000851,
,54890,80,000852,
,39352,80,000856,
,183675,80,000858,
,47010,80,000859,
,33990,80,000860,
,38813,80,000861,
,43463,80,000862,
,31886,80,000863,
,334,80,000866,
,66581,80,000868,
,39721,80,000869,
,120644,80,000875,
,63515,80,000876,
,66969,80,000877,
,94524,80,000878,
,25123,80,000880,
,78316,80,000881,
,55306,80,000882,
,85443,80,000883,
,25368,80,000885,
,82696,80,000886,
,22987,80,000887,
,18587,80,000888,
,31558,80,000889,
,31450,80,000890,
,43689,80,000892,
,32826,80,000893,
,92433,80,000895,
,129909,80,000897,
,100586,80,000898,
,43982,80,000899,
,93325,80,000900,
,60003,80,000901,
,30789,80,000902,
,48577,80,000903,
,64962,80,000905,
,23766,80,000906,
,40848,80,000908,
,22097,80,000909,
,22005,80,000910,
,35805,80,000911,
,40850,80,000912,
,50781,80,000913,
,20884,80,000915,
,37549,80,000916,
,92582,80,000917,
,30057,80,000918,
,39979,80,000920,
,22338,80,000919,
,68022,80,000921,
,44506,80,000922,
,37596,80,000923,
,24936,80,000925,
,88575,80,000926,
,43964,80,000927,
,38240,80,000930,
,27084,80,000929,
,67444,80,000928,
,35015,80,000931,
,29848,80,000932,
,25824,80,000933,
,24278,80,000935,
,19622,80,000936,
,32862,80,000938,
,24595,80,000939,
,22999,80,000948,
,37602,80,000949,
,25796,80,000937,
,7246,80,000950,
,18750,80,000951,
,8815,80,000953,
,12681,80,000955,
,13208,80,000952,
,68,80,000956,
,22843,80,000957,
,17203,80,000958,
,27644,80,000959,
,39809,80,000960,
,14820,80,000961,
,15938,80,000962,
,5224,80,000963,
,19387,80,000965,
,23427,80,000966,
,5257,80,000967,
,12365,80,000968,
,20811,80,000969,
,28639,80,000970,
,13509,80,000971,
,27671,80,000972,
,47551,80,000973,
,12217,80,000975,
,24803,80,000976,
,44921,80,000977,
,70674,80,000979,
,14690,80,000978,
,20540,80,000980,
,28825,80,000982,
,6327,80,000981,
,33106,80,000983,
,5575,80,000985,
,28155,80,000987,
,40786,80,000988,
,16075,80,000989,
,5853,80,000990,
,13419,80,000993,
,6322,80,000995,
,49804,80,000996,
,43900,80,000997,
,23152,80,000998,
,17481,80,000999,
,35782,80,001696,
,12505,80,001896,
,24045,80,001979,
,16905,80,002001,
,18675,80,002002,
,17076,80,002003,
,27319,80,002004,
,37989,80,002005,
,17707,80,002006,
,20955,80,002007,
,49097,80,002008,
,13655,80,002009,
,8212,80,002010,
,23632,80,002011,
,16069,80,002012,
,18825,80,002013,
,17399,80,002014,
,14625,80,002015,
,13270,80,002016,
,7934,80,002017,
,15525,80,002018,
,18872,80,002019,
,7291,80,002020,
,11309,80,002021,
,12312,80,002022,
,14755,80,002023,
,260923,80,002024,
,19901,80,002025,
,18427,80,002028,
,63322,80,002027,
,10864,80,002026,
,28437,80,002029,
,45494,80,002030,
,18903,80,002031,
,5819,80,002032,
,15894,80,002033,
,5535,80,002034,
,8636,80,002035,
,19056,80,002036,
,9968,80,002037,
,26787,80,002038,
,10699,80,002039,
,25448,80,002040,
,11535,80,002041,
,19313,80,002042,
,64875,80,002043,
,15343,80,002044,
,19821,80,002045,
,22778,80,002046,
,20201,80,002047,
,18813,80,002048,
,26463,80,002049,
,13776,80,002050,
,17711,80,002051,
,59489,80,002052,
,12405,80,002053,
,13493,80,002054,
,20025,80,002055,
,21062,80,002056,
,11454,80,002057,
,7016,80,002058,
,10167,80,002059,
,22904,80,002060,
,17558,80,002061,
,11234,80,002062,
,20045,80,002063,
,27625,80,002064,
,26615,80,002065,
,20524,80,002066,
,57643,80,002067,
,16262,80,002068,
,40133,80,002069,
,44359,80,002070,
,61848,80,002071,
,11348,80,002072,
,30074,80,002074,
,25126,80,002075,
,30489,80,002073,
,17135,80,002076,
,11600,80,002077,
,21877,80,002078,
,19592,80,002079,
,11589,80,002080,
,25760,80,002081,
,9176,80,002082,
,22970,80,002083,
,26979,80,002084,
,7596,80,002085,
,13534,80,002086,
,15600,80,002089,
,22890,80,002087,
,8919,80,002090,
,17536,80,002091,
,47060,80,002092,
,9643,80,002088,
,29081,80,002093,
,14864,80,002094,
,40204,80,002095,
,6555,80,002096,
,31900,80,002097,
,9052,80,002098,
,23615,80,002099,
,12474,80,002100,
,7877,80,002101,
,25935,80,002102,
,7852,80,002103,
,33829,80,002104,
,14932,80,002105,
,42631,80,002106,
,14861,80,002107,
,21077,80,002108,
,10766,80,002110,
,9008,80,002109,
,8788,80,002111,
,9481,80,002112,
,15358,80,002113,
,24606,80,002114,
,23082,80,002115,
,6830,80,002116,
,8684,80,002117,
,20363,80,002118,
,12822,80,002119,
,7819,80,002120,
,19006,80,002121,
,29307,80,002122,
,34831,80,002123,
,7017,80,002124,
,11706,80,002125,
,14534,80,002126,
,13241,80,002127,
,13124,80,002128,
,22638,80,002129,
,35218,80,002130,
,12487,80,002131,
,17747,80,002132,
,14580,80,002133,
,8481,80,002134,
,17959,80,002135,
,9217,80,002136,
,15166,80,002137,
,20191,80,002138,
,19357,80,002139,
,31365,80,002142,
,3452,80,002141,
,13927,80,002140,
,18010,80,002143,
,14129,80,002144,
,18688,80,002145,
,41749,80,002146,
,13862,80,002147,
,27558,80,002148,
,7858,80,002149,
,7585,80,002150,
,24265,80,002151,
,13162,80,002152,
,9128,80,002153,
,40700,80,002154,
,44692,80,002155,
,14701,80,002156,
,10583,80,002157,
,6219,80,002158,
,3899,80,002159,
,16058,80,002160,
,47154,80,002161,
,21860,80,002162,
,25882,80,002163,
,11184,80,002164,
,17802,80,002165,
,31295,80,002166,
,37978,80,002167,
,31484,80,002168,
,12976,80,002169,
,32415,80,002170,
,11903,80,002171,
,14899,80,002172,
,7252,80,002173,
,19216,80,002175,
,25779,80,002174,
,43010,80,002176,
,56098,80,002177,
,34179,80,002178,
,16973,80,002179,
,7316,80,002180,
,34747,80,002181,
,49986,80,002183,
,18794,80,002182,
,8149,80,002184,
,17735,80,002185,
,24849,80,002186,
,8740,80,002187,
,9126,80,002188,
,16847,80,002189,
,116061,80,002190,
,24639,80,002191,
,17345,80,002192,
,10694,80,002193,
,16242,80,002194,
,41962,80,002195,
,7811,80,002196,
,22128,80,002197,
,16390,80,002198,
,20679,80,002199,
,12469,80,002200,
,5487,80,002201,
,60083,80,002202,
,41942,80,002204,
,11682,80,002205,
,16941,80,002203,
,18479,80,002206,
,11749,80,002207,
,11867,80,002208,
,12559,80,002209,
,14160,80,002210,
,14865,80,002211,
,21278,80,002212,
,5965,80,002213,
,15073,80,002214,
,11157,80,002215,
,9424,80,002216,
,15973,80,002217,
,13007,80,002218,
,10204,80,002219,
,10811,80,002220,
,9129,80,002221,
,21031,80,002222,
,11337,80,002223,
,15105,80,002224,
,18030,80,002225,
,30971,80,002226,
,37700,80,002230,
,18418,80,002227,
,8343,80,002228,
,14931,80,002232,
,25814,80,002231,
,10164,80,002234,
,34526,80,002236,
,39740,80,002229,
,22120,80,002235,
,15500,80,002233,
,27158,80,002237,
,12926,80,002238,
,20925,80,002239,
,181241,80,002240,
,40641,80,002241,
,33666,80,002242,
,11734,80,002243,
,26724,80,002244,
,18852,80,002245,
,7601,80,002247,
,11188,80,002246,
,12555,80,002248,
,18277,80,002249,
,11459,80,002250,
,15969,80,002251,
,14017,80,002252,
,13335,80,002253,
,13310,80,002254,
,20008,80,002255,
,21250,80,002256,
,7167,80,002258,
,23838,80,002259,
,7579,80,002260,
,54616,80,002261,
,4233,80,002262,
,51747,80,002263,
,14744,80,002264,
,7405,80,002265,
,56204,80,002266,
,10296,80,002267,
,14265,80,002268,
,54909,80,002269,
,17282,80,002270,
,14462,80,002271,
,14265,80,002272,
,31648,80,002273,
,17423,80,002274,
,6393,80,002275,
,31313,80,002276,
,65802,80,002277,
,22010,80,002278,
,11001,80,002279,
,26859,80,002280,
,12693,80,002281,
,8618,80,002282,
,11636,80,002283,
,26217,80,002284,
,16574,80,002285,
,11350,80,002286,
,7313,80,002287,
,23432,80,002288,
,28008,80,002289,
,12233,80,002290,
,13097,80,002291,
,32526,80,002292,
,14599,80,002293,
,16516,80,002294,
,5428,80,002295,
,21429,80,002296,
,16059,80,002297,
,33222,80,002298,
,8725,80,002299,
,25143,80,002300,
,9202,80,002301,
,12527,80,002302,
,22654,80,002303,
,20675,80,002304,
,20403,80,002305,
,94629,80,002306,
,38909,80,002307,
,26619,80,002308,
,18132,80,002309,
,32586,80,002310,
,9159,80,002311,
,20770,80,002312,
,25466,80,002313,
,18571,80,002314,
,21667,80,002315,
,13316,80,002316,
,11849,80,002317,
,14499,80,002318,
,18763,80,002319,
,15143,80,002320,
,16864,80,002321,
,11929,80,002322,
,7807,80,002323,
,7494,80,002324,
,30605,80,002325,
,36303,80,002326,
,16432,80,002327,
,14537,80,002328,
,19174,80,002329,
,29564,80,002330,
,19171,80,002331,
,12074,80,002332,
,9607,80,002333,
,16091,80,002334,
,6635,80,002335,
,19925,80,002336,
,29902,80,002337,
,4339,80,002338,
,19222,80,002339,
,37151,80,002340,
,11507,80,002341,
,26630,80,002342,
,20941,80,002343,
,30338,80,002344,
,10994,80,002345,
,15910,80,002346,
,8866,80,002347,
,17868,80,002348,
,5918,80,002349,
,6616,80,002352,
,13180,80,002351,
,7722,80,002350,
,52388,80,002353,
,12461,80,002354,
,39182,80,002355,
,11269,80,002356,
,8505,80,002357,
,19663,80,002358,
,17602,80,002359,
,14459,80,002360,
,13750,80,002361,
,36682,80,002362,
,20365,80,002363,
,10338,80,002364,
,10480,80,002365,
,13294,80,002366,
,14612,80,002367,
,6537,80,002368,
,26321,80,002369,
,3065,80,002370,
,5723,80,002371,
,10170,80,002372,
,15493,80,002373,
,17956,80,002374,
,24739,80,002375,
,17141,80,002376,
,11201,80,002377,
,14807,80,002378,
,34688,80,002379,
,7529,80,002380,
,9908,80,002381,
,6983,80,002382,
,13877,80,002383,
,5468,80,002384,
,28547,80,002385,
,20049,80,002386,
,17394,80,002387,
,23671,80,002388,
,19220,80,002389,
,14334,80,002390,
,14089,80,002391,
,25819,80,002392,
,17307,80,002393,
,20780,80,002394,
,9679,80,002395,
,19322,80,002396,
,14502,80,002397,
,10574,80,002398,
,20679,80,002399,
,10352,80,002400,
,14362,80,002401,
,8025,80,002402,
,47792,80,002405,
,22898,80,002406,
,13876,80,002403,
,38919,80,002407,
,25742,80,002404,
,15759,80,002408,
,6238,80,002409,
,18399,80,002410,
,19747,80,002411,
,5022,80,002412,
,14010,80,002413,
,19804,80,002414,
,32301,80,002415,
,25866,80,002416,
,19465,80,002417,
,9501,80,002418,
,10031,80,002419,
,15732,80,002420,
,15823,80,002421,
,33965,80,002422,
,20355,80,002423,
,50428,80,002424,
,9511,80,002425,
,13149,80,002426,
,15956,80,002427,
,31015,80,002428,
,15621,80,002429,
,10734,80,002430,
,22981,80,002431,
,32361,80,002432,
,14661,80,002433,
,6506,80,002434,
,9220,80,002435,
,8355,80,002436,
,14441,80,002437,
,11167,80,002438,
,20765,80,002439,
,38933,80,002440,
,13416,80,002441,
,7782,80,002442,
,21436,80,002443,
,14953,80,002444,
,12896,80,002445,
,11412,80,002446,
,10738,80,002447,
,26977,80,002448,
,18477,80,002449,
,27132,80,002450,
,14172,80,002451,
,13001,80,002452,
,23666,80,002453,
,12835,80,002454,
,13040,80,002455,
,44708,80,002456,
,20886,80,002457,
,6715,80,002458,
,7380,80,002459,
,36464,80,002460,
,14119,80,002461,
,6884,80,002462,
,23274,80,002463,
,11627,80,002464,
,33903,80,002465,
,41640,80,002466,
,26914,80,002467,
,11649,80,002468,
,12311,80,002470,
,14491,80,002469,
,10792,80,002472,
,40103,80,002471,
,9131,80,002473,
,7537,80,002475,
,39863,80,002474,
,24037,80,002477,
,27372,80,002476,
,12331,80,002478,
,10625,80,002480,
,10063,80,002479,
,15378,80,002481,
,15390,80,002482,
,8508,80,002483,
,10203,80,002484,
,6450,80,002485,
,38823,80,002486,
,16312,80,002487,
,17602,80,002488,
,19835,80,002490,
,44974,80,002489,
,31928,80,002491,
,9443,80,002492,
,8318,80,002493,
,17639,80,002495,
,33063,80,002497,
,32657,80,002498,
,14691,80,002496,
,23921,80,002494,
,11279,80,002499,
,34765,80,002500,
,36739,80,002501,
,13540,80,002502,
,12594,80,002503,
,12746,80,002504,
,34116,80,002505,
,153617,80,002506,
,6248,80,002507,
,5834,80,002508,
,11808,80,002509,
,20723,80,002510,
,13800,80,002511,
,8671,80,002512,
,8637,80,002513,
,7931,80,002514,
,10818,80,002515,
,16025,80,002516,
,13378,80,002517,
,10008,80,002518,
,8018,80,002519,
,10526,80,002520,
,24906,80,002521,
,17840,80,002523,
,19232,80,002522,
,18397,80,002524,
,43257,80,002526,
,18343,80,002527,
,24480,80,002528,
,16569,80,002529,
,9502,80,002530,
,12093,80,002531,
,13032,80,002533,
,10596,80,002532,
,7503,80,002534,
,24007,80,002535,
,18103,80,002536,
,5380,80,002537,
,17201,80,002538,
,8917,80,002539,
,26315,80,002540,
,19221,80,002542,
,10204,80,002543,
,8637,80,002541,
,8393,80,002544,
,12344,80,002545,
,15047,80,002546,
,13645,80,002547,
,14984,80,002548,
,7386,80,002549,
,17208,80,002550,
,12203,80,002551,
,15872,80,002553,
,9026,80,002552,
,17539,80,002554,
,29367,80,002555,
,45034,80,002556,
,10529,80,002557,
,29734,80,002558,
,21765,80,002559,
,15384,80,002560,
,12507,80,002561,
,7148,80,002562,
,8887,80,002563,
,40355,80,002564,
,22533,80,002565,
,14344,80,002566,
,13837,80,002567,
,13461,80,002568,
,6706,80,002569,
,49513,80,002570,
,28714,80,002571,
,18898,80,002573,
,4126,80,002572,
,22507,80,002574,
,17727,80,002575,
,9841,80,002576,
,21846,80,002577,
,12936,80,002578,
,18380,80,002579,
,9359,80,002580,
,20450,80,002581,
,13565,80,002582,
,22907,80,002583,
,8299,80,002584,
,10678,80,002585,
,16707,80,002586,
,10831,80,002587,
,12200,80,002588,
,11683,80,002591,
,14444,80,002590,
,6350,80,002589,
,10952,80,002592,
,14618,80,002595,
,11603,80,002593,
,62693,80,002594,
,11668,80,002596,
,14410,80,002598,
,14163,80,002597,
,4725,80,002599,
,38656,80,002600,
,19174,80,002601,
,24828,80,002602,
,15191,80,002603,
,18728,80,002604,
,21707,80,002605,
,8766,80,002606,
,22186,80,002607,
,19483,80,002608,
,15080,80,002609,
,20861,80,002610,
,11100,80,002611,
,14652,80,002612,
,17734,80,002613,
,10797,80,002614,
,18710,80,002615,
,7192,80,002616,
,24056,80,002617,
,8622,80,002618,
,9328,80,002619,
,8754,80,002620,
,8083,80,002621,
,17088,80,002622,
,12149,80,002623,
,18670,80,002624,
,43333,80,002625,
,7983,80,002626,
,11219,80,002627,
,35910,80,002628,
,66195,80,002629,
,11898,80,002630,
,11679,80,002631,
,8592,80,002634,
,9329,80,002632,
,15248,80,002633,
,14692,80,002635,
,24141,80,002636,
,13470,80,002637,
,24082,80,002638,
,14005,80,002639,
,32505,80,002640,
,8608,80,002641,
,16554,80,002642,
,7791,80,002643,
,8666,80,002644,
,7081,80,002645,
,16576,80,002646,
,17810,80,002647,
,13442,80,002648,
,18575,80,002649,
,13137,80,002650,
,9101,80,002651,
,8113,80,002652,
,6761,80,002653,
,14893,80,002654,
,24862,80,002655,
,9682,80,002656,
,29664,80,002657,
,15227,80,002658,
,6595,80,002659,
,22929,80,002660,
,7754,80,002661,
,20236,80,002662,
,23511,80,002663,
,8449,80,002664,
,15533,80,002665,
,11177,80,002666,
,9076,80,002667,
,29382,80,002668,
,12319,80,002669,
,17453,80,002670,
,11738,80,002671,
,10198,80,002672,
,59870,80,002673,
,8185,80,002674,
,9631,80,002675,
,6160,80,002676,
,13753,80,002677,
,17061,80,002678,
,10408,80,002679,
,10263,80,002680,
,33080,80,002681,
,19812,80,002682,
,6622,80,002683,
,13143,80,002684,
,19755,80,002685,
,10066,80,002686,
,8228,80,002687,
,11931,80,002688,
,18709,80,002689,
,4611,80,002690,
,11684,80,002691,
,7607,80,002692,
,10925,80,002693,
,13444,80,002694,
,12317,80,002695,
,8862,80,002696,
,31009,80,002697,
,9806,80,002698,
,10910,80,002699,
,11553,80,002700,
,23040,80,002701,
,69008,80,002702,
,9240,80,002703,
,15894,80,002705,
,12529,80,002706,
,13238,80,002707,
,23724,80,002708,
,12353,80,002709,
,20195,80,002711,
,9627,80,002712,
,10524,80,002713,
,10337,80,002714,
,15355,80,002715,
,26633,80,002716,
,16477,80,002717,
,9772,80,002718,
,10931,80,002719,
,29108,80,002721,
,25698,80,002722,
,13561,80,002723,
,13778,80,002724,
,12459,80,002725,
,23039,80,002726,
,16402,80,002727,
,9051,80,002728,
,7174,80,002729,
,9842,80,002730,
,12243,80,002731,
,9677,80,002732,
,12340,80,002733,
,7834,80,002734,
,6915,80,002735,
,49902,80,002736,
,16931,80,002737,
,35623,80,002739,
,11520,80,002738,
,13951,80,002740,
,24058,80,002741,
,5955,80,002742,
,9394,80,002743,
,8281,80,002745,
,12047,80,002746,
,11536,80,002747,
,5817,80,002748,
,6449,80,002749,
,10374,80,002750,
,15649,80,002751,
,15726,80,002752,
,5801,80,002753,
,8409,80,002755,
,9310,80,002756,
,6350,80,002757,
,4557,80,002758,
,5474,80,002759,
,4760,80,002760,
,10420,80,002761,
,3692,80,002762,
,7197,80,002763,
,7492,80,002765,
,6822,80,002766,
,5823,80,002769,
,4404,80,002767,
,15581,80,002770,
,8703,80,002768,
,7985,80,002771,
,4896,80,002773,
,9437,80,002772,
,5304,80,002776,
,8310,80,002777,
,6001,80,002778,
,6294,80,002779,
,6859,80,002775,
,7840,80,002780,
,5858,80,002781,
,7611,80,002782,
,12861,80,002783,
,11277,80,002785,
,5610,80,002786,
,5685,80,002787,
,7555,80,002788,
,5662,80,002790,
,4253,80,002789,
,5413,80,002791,
,6239,80,002792,
,1483,80,002793,
,42132,80,300001,
,73651,80,300002,
,22634,80,300003,
,19005,80,300004,
,28895,80,300005,
,13946,80,300006,
,15571,80,300007,
,19132,80,300008,
,24841,80,300009,
,39941,80,300010,
,23294,80,300011,
,16868,80,300012,
,17274,80,300013,
,33259,80,300014,
,24252,80,300015,
,16038,80,300016,
,51152,80,300017,
,16387,80,300018,
,9356,80,300019,
,31843,80,300020,
,40290,80,300021,
,51676,80,300022,
,22379,80,300023,
,82633,80,300024,
,16165,80,300025,
,24721,80,300026,
,203814,80,300027,
,71996,80,300028,
,48363,80,300029,
,16070,80,300030,
,19145,80,300031,
,28722,80,300032,
,51737,80,300033,
,34523,80,300034,
,22271,80,300035,
,22979,80,300036,
,26195,80,300037,
,16188,80,300038,
,23754,80,300039,
,26935,80,300040,
,16950,80,300041,
,30198,80,300042,
,35981,80,300043,
,39905,80,300044,
,23819,80,300045,
,13077,80,300046,
,27220,80,300047,
,26843,80,300048,
,20141,80,300049,
,36576,80,300050,
,58215,80,300051,
,92696,80,300052,
,35557,80,300053,
,12702,80,300054,
,51563,80,300055,
,33217,80,300056,
,16233,80,300057,
,44149,80,300058,
,144914,80,300059,
,17111,80,300061,
,12144,80,300062,
,10598,80,300063,
,22789,80,300064,
,26227,80,300065,
,14777,80,300066,
,55773,80,300068,
,20529,80,300067,
,10412,80,300069,
,30405,80,300070,
,17813,80,300071,
,23097,80,300072,
,29477,80,300073,
,45701,80,300074,
,18720,80,300075,
,24023,80,300076,
,85027,80,300077,
,21999,80,300078,
,64437,80,300079,
,46417,80,300080,
,26496,80,300081,
,28674,80,300082,
,17053,80,300083,
,27596,80,300084,
,27714,80,300085,
,30982,80,300086,
,20691,80,300087,
,45293,80,300088,
,20959,80,300089,
,19857,80,300090,
,11917,80,300091,
,19386,80,300092,
,33046,80,300093,
,49833,80,300094,
,15533,80,300095,
,30988,80,300096,
,23976,80,300097,
,19567,80,300099,
,15673,80,300098,
,18996,80,300100,
,26829,80,300101,
,30724,80,300102,
,24232,80,300103,
,195419,80,300104,
,20946,80,300105,
,32082,80,300106,
,23251,80,300108,
,16379,80,300109,
,12407,80,300107,
,28733,80,300110,
,68600,80,300111,
,25208,80,300112,
,24477,80,300113,
,13703,80,300114,
,17553,80,300115,
,30058,80,300116,
,21387,80,300117,
,47426,80,300118,
,18008,80,300119,
,14014,80,300120,
,12099,80,300121,
,15362,80,300122,
,17719,80,300123,
,20981,80,300124,
,13684,80,300125,
,20055,80,300126,
,28078,80,300127,
,19346,80,300128,
,36168,80,300129,
,20809,80,300130,
,22382,80,300131,
,17653,80,300132,
,28238,80,300133,
,36803,80,300134,
,39303,80,300135,
,11582,80,300136,
,35241,80,300137,
,19122,80,300138,
,28909,80,300139,
,16545,80,300140,
,14646,80,300141,
,49838,80,300142,
,47602,80,300143,
,29617,80,300144,
,8854,80,300145,
,45788,80,300146,
,22977,80,300147,
,49507,80,300148,
,20239,80,300149,
,31862,80,300150,
,15523,80,300151,
,39158,80,300152,
,12453,80,300153,
,15649,80,300154,
,24749,80,300155,
,43231,80,300156,
,39506,80,300157,
,17387,80,300158,
,19334,80,300159,
,13169,80,300160,
,33948,80,300161,
,28482,80,300162,
,21594,80,300163,
,18234,80,300164,
,25002,80,300165,
,23560,80,300166,
,12960,80,300167,
,29183,80,300168,
,14292,80,300169,
,26925,80,300170,
,21582,80,300171,
,21418,80,300172,
,16287,80,300173,
,12961,80,300174,
,32418,80,300175,
,11397,80,300176,
,23743,80,300177,
,30261,80,300178,
,21295,80,300179,
,13794,80,300180,
,25734,80,300181,
,10823,80,300182,
,18993,80,300184,
,22374,80,300183,
,52236,80,300185,
,19525,80,300186,
,14241,80,300187,
,26274,80,300188,
,30707,80,300189,
,15443,80,300192,
,12819,80,300190,
,7827,80,300194,
,82404,80,300191,
,23765,80,300197,
,13813,80,300195,
,10108,80,300198,
,10520,80,300196,
,20560,80,300193,
,15185,80,300199,
,20701,80,300200,
,26444,80,300201,
,11086,80,300202,
,18258,80,300203,
,34891,80,300204,
,7943,80,300206,
,22642,80,300205,
,21418,80,300207,
,47341,80,300208,
,14404,80,300209,
,9057,80,300210,
,10150,80,300211,
,20412,80,300212,
,11168,80,300213,
,19735,80,300214,
,20226,80,300215,
,33053,80,300216,
,19298,80,300217,
,9493,80,300218,
,20405,80,300219,
,15673,80,300220,
,16601,80,300221,
,13877,80,300222,
,26935,80,300223,
,20960,80,300224,
,33069,80,300226,
,18582,80,300225,
,19569,80,300227,
,26930,80,300228,
,26422,80,300229,
,11568,80,300230,
,13199,80,300232,
,24828,80,300231,
,37428,80,300233,
,16455,80,300234,
,19893,80,300235,
,10020,80,300236,
,16156,80,300237,
,54938,80,300238,
,28570,80,300239,
,12567,80,300240,
,14865,80,300241,
,13082,80,300242,
,13585,80,300243,
,13225,80,300244,
,27066,80,300245,
,13139,80,300246,
,27643,80,300247,
,24963,80,300248,
,12834,80,300249,
,95744,80,300251,
,11680,80,300252,
,19624,80,300250,
,24527,80,300253,
,14763,80,300254,
,15342,80,300255,
,16194,80,300256,
,11595,80,300257,
,17614,80,300258,
,12225,80,300259,
,14434,80,300260,
,9636,80,300261,
,28964,80,300262,
,15770,80,300263,
,28842,80,300264,
,14357,80,300265,
,12669,80,300266,
,11736,80,300267,
,26392,80,300268,
,15936,80,300269,
,16497,80,300270,
,19698,80,300271,
,17371,80,300272,
,28138,80,300273,
,26392,80,300274,
,13252,80,300275,
,23305,80,300276,
,12154,80,300277,
,14911,80,300279,
,21258,80,300278,
,14133,80,300280,
,8721,80,300281,
,14000,80,300282,
,14213,80,300283,
,18643,80,300284,
,13124,80,300285,
,18092,80,300286,
,16668,80,300287,
,28496,80,300288,
,13558,80,300289,
,15391,80,300290,
,23330,80,300291,
,18388,80,300292,
,19511,80,300293,
,25247,80,300294,
,28063,80,300295,
,21291,80,300296,
,32728,80,300297,
,12970,80,300298,
,15945,80,300299,
,15336,80,300300,
,19444,80,300301,
,10838,80,300302,
,20092,80,300303,
,23057,80,300304,
,9999,80,300305,
,15930,80,300306,
,20690,80,300307,
,10484,80,300308,
,14143,80,300309,
,14649,80,300310,
,22265,80,300311,
,18780,80,300312,
,14708,80,300313,
,18643,80,300314,
,115324,80,300315,
,26312,80,300316,
,10223,80,300317,
,11545,80,300318,
,14097,80,300319,
,10360,80,300320,
,16528,80,300321,
,14366,80,300322,
,17445,80,300323,
,11541,80,300324,
,18738,80,300325,
,13119,80,300326,
,16770,80,300327,
,15057,80,300328,
,28875,80,300329,
,13160,80,300330,
,11384,80,300331,
,16012,80,300332,
,28064,80,300333,
,17608,80,300334,
,11789,80,300335,
,18745,80,300337,
,23744,80,300336,
,16084,80,300338,
,18626,80,300339,
,24050,80,300340,
,13536,80,300341,
,13000,80,300342,
,30463,80,300343,
,13347,80,300344,
,14654,80,300345,
,17072,80,300346,
,17115,80,300347,
,16804,80,300348,
,13900,80,300349,
,15636,80,300350,
,12402,80,300351,
,19212,80,300352,
,18610,80,300353,
,12433,80,300354,
,36869,80,300355,
,12477,80,300356,
,12754,80,300357,
,17522,80,300358,
,41866,80,300359,
,13764,80,300360,
,12753,80,300362,
,14414,80,300363,
,26158,80,300364,
,8105,80,300365,
,8264,80,300366,
,9986,80,300367,
,20635,80,300368,
,14112,80,300369,
,9128,80,300370,
,8327,80,300371,
,10712,80,300372,
,12721,80,300373,
,5844,80,300374,
,11055,80,300375,
,19946,80,300376,
,14677,80,300377,
,10356,80,300378,
,11183,80,300379,
,22987,80,300380,
,5980,80,300381,
,26611,80,300383,
,7624,80,300382,
,13697,80,300384,
,9779,80,300385,
,22291,80,300386,
,10231,80,300387,
,10398,80,300388,
,8019,80,300389,
,5786,80,300390,
,6207,80,300391,
,12874,80,300392,
,8277,80,300393,
,6269,80,300394,
,6424,80,300395,
,8742,80,300396,
,21054,80,300397,
,5902,80,300398,
,16613,80,300399,
,8569,80,300400,
,10533,80,300401,
,10288,80,300402,
,9204,80,300403,
,4652,80,300404,
,5670,80,300405,
,13166,80,300406,
,7487,80,300407,
,6115,80,300409,
,9433,80,300408,
,8571,80,300410,
,10319,80,300411,
,7682,80,300412,
,21591,80,300413,
,5307,80,300414,
,7082,80,300415,
,5959,80,300416,
,6673,80,300417,
,56912,80,300418,
,10038,80,300419,
,4879,80,300420,
,5622,80,300421,
,4220,80,300422,
,4292,80,300423,
,6274,80,300425,
,13160,80,300426,
,7194,80,300424,
,4568,80,300430,
,69149,80,300431,
,6328,80,300432,
,3701,80,300428,
,6325,80,300434,
,5041,80,300437,
,3916,80,300429,
,7242,80,300438,
,7177,80,300435,
,4097,80,300427,
,10382,80,300443,
,6515,80,300442,
,11132,80,300436,
,10616,80,300444,
,4518,80,300445,
,29584,80,300433,
,6617,80,300440,
,9200,80,300439,
,7467,80,300446,
,7703,80,300447,
,7587,80,300448,
,8750,80,300450,
,8659,80,300449,
,10665,80,300441,
,8042,80,300451,
,4877,80,300453,
,4356,80,300452,
,5596,80,300455,
,5355,80,300456,
,5591,80,300457,
,12182,80,300459,
,7097,80,300458,
,6988,80,300460,
,4836,80,300462,
,6690,80,300461,
,5973,80,300463,
,3883,80,300464,
,8826,80,300465,
,10062,80,300466,
,13148,80,300467,
,6988,80,300468,
,7895,80,300469,
,5638,80,300470,
,5361,80,300471,
,3318,80,300472,
,5929,80,300473,
,6015,80,300474,
,5577,80,300476,
,4635,80,300475,
,4214,80,300477,
,3688,80,300478,
,5735,80,300479,
,4556,80,300481,
,11828,80,300480,
,4555,80,300482,
,4065,80,300483,
,7627,80,300484,
,7779,80,300485,
,5930,80,300486,
,4644,80,300487,
,4613,80,300488,
,5154,80,300489,
,3982,80,300490,
,4434,80,300491,
,3951,80,300492,
,6094,80,300493,
,7494,80,300494,
,4861,80,300495,
,18668,80,300496,
,7311,80,300497,
,12136,80,300498,
,7014,80,300499,
,4069,80,300500,
,4557,80,300503,
,6517,80,300502,
,5681,80,300501,
,3499,80,300505,
,5123,80,300506,
,1788,80,300508,
,326079,80,600000,
,1200,80,300509,
,31413,80,600001,
,1879,80,600002,
,8598,80,600003,
,51265,80,600004,
,222717,80,600005,
,87165,80,600006,
,22986,80,600007,
,87389,80,600008,
,53814,80,600009,
,382431,80,600010,
,56441,80,600011,
,31301,80,600012,
,113027,80,600015,
,240449,80,600016,
,70725,80,600017,
,100836,80,600018,
,186829,80,600019,
,70332,80,600020,
,84988,80,600021,
,143033,80,600022,
,63407,80,600023,
,75639,80,600026,
,61394,80,600027,
,371715,80,600028,
,141363,80,600029,
,611979,80,600030,
,152905,80,600031,
,97824,80,600033,
,45373,80,600035,
,158781,80,600036,
,67643,80,600037,
,41762,80,600038,
,86017,80,600039,
,153650,80,600048,
,306510,80,600050,
,56403,80,600051,
,48134,80,600052,
,51658,80,600053,
,21074,80,600054,
,15837,80,600055,
,41503,80,600056,
,63898,80,600057,
,106737,80,600058,
,52804,80,600059,
,126438,80,600060,
,53934,80,600061,
,37993,80,600062,
,75255,80,600063,
,83344,80,600064,
,2035,80,600065,
,46211,80,600066,
,78182,80,600067,
,164936,80,600068,
,100332,80,600069,
,44925,80,600070,
,45298,80,600071,
,110163,80,600072,
,47754,80,600073,
,76063,80,600074,
,55109,80,600075,
,38167,80,600076,
,34668,80,600077,
,96663,80,600078,
,51672,80,600080,
,28500,80,600079,
,28144,80,600081,
,63886,80,600082,
,21551,80,600083,
,44216,80,600084,
,51682,80,600085,
,58979,80,600086,
,111870,80,600087,
,55096,80,600088,
,178416,80,600089,
,64026,80,600090,
,38190,80,600091,
,828,80,600092,
,58633,80,600093,
,48279,80,600094,
,67335,80,600095,
,110268,80,600096,
,25473,80,600097,
,42512,80,600098,
,23390,80,600099,
,156429,80,600100,
,70167,80,600101,
,34105,80,600102,
,75624,80,600103,
,113113,80,600104,
,42327,80,600105,
,72605,80,600106,
,66035,80,600107,
,146415,80,600108,
,105141,80,600109,
,157863,80,600110,
,365862,80,600111,
,112561,80,600112,
,97982,80,600113,
,51616,80,600114,
,116634,80,600115,
,57458,80,600116,
,43155,80,600117,
,92934,80,600118,
,44799,80,600119,
,54737,80,600120,
,31346,80,600121,
,74977,80,600122,
,85710,80,600123,
,60390,80,600125,
,39262,80,600126,
,85824,80,600127,
,69877,80,600128,
,38882,80,600129,
,91169,80,600130,
,36895,80,600131,
,207262,80,600132,
,74347,80,600133,
,52842,80,600135,
,21329,80,600136,
,27463,80,600137,
,57755,80,600138,
,56912,80,600139,
,59711,80,600141,
,82337,80,600143,
,86093,80,600145,
,56990,80,600146,
,23261,80,600148,
,78292,80,600149,
,133857,80,600150,
,77211,80,600151,
,59256,80,600152,
,53879,80,600153,
,58104,80,600155,
,40521,80,600156,
,143400,80,600157,
,244452,80,600158,
,82082,80,600159,
,96471,80,600160,
,84608,80,600161,
,71511,80,600162,
,93117,80,600163,
,41791,80,600165,
,117838,80,600166,
,32518,80,600167,
,32522,80,600168,
,84947,80,600169,
,82862,80,600170,
,61577,80,600171,
,50801,80,600172,
,38252,80,600173,
,82706,80,600175,
,40669,80,600176,
,141969,80,600177,
,33304,80,600178,
,48479,80,600179,
,45877,80,600180,
,7845,80,600181,
,46353,80,600182,
,50363,80,600183,
,27278,80,600184,
,60732,80,600185,
,82631,80,600186,
,76385,80,600187,
,50750,80,600188,
,34880,80,600189,
,34586,80,600190,
,62539,80,600191,
,34422,80,600192,
,93539,80,600193,
,34970,80,600195,
,86940,80,600196,
,38006,80,600197,
,104189,80,600198,
,64031,80,600199,
,222757,80,600200,
,31721,80,600201,
,64740,80,600202,
,58592,80,600203,
,465,80,600205,
,50555,80,600206,
,100149,80,600207,
,88353,80,600208,
,173365,80,600209,
,75485,80,600210,
,17456,80,600211,
,71489,80,600212,
,20586,80,600213,
,50752,80,600215,
,86349,80,600216,
,71469,80,600217,
,49106,80,600218,
,98676,80,600219,
,118377,80,600220,
,165092,80,600221,
,41953,80,600222,
,33342,80,600223,
,53540,80,600225,
,56957,80,600226,
,71349,80,600227,
,264299,80,600228,
,76567,80,600229,
,36321,80,600230,
,57005,80,600231,
,47060,80,600232,
,54940,80,600233,
,25546,80,600235,
,81071,80,600234,
,64517,80,600237,
,63553,80,600236,
,41681,80,600238,
,49802,80,600240,
,65268,80,600239,
,27029,80,600241,
,44418,80,600242,
,41861,80,600243,
,52410,80,600246,
,36720,80,600248,
,84944,80,600249,
,27109,80,600250,
,89515,80,600247,
,56697,80,600251,
,125995,80,600252,
,21608,80,600253,
,108504,80,600255,
,165483,80,600256,
,68783,80,600257,
,30363,80,600258,
,113086,80,600260,
,114046,80,600259,
,32283,80,600261,
,24414,80,600262,
,13986,80,600263,
,23224,80,600265,
,76305,80,600266,
,45619,80,600267,
,30626,80,600268,
,105063,80,600269,
,61702,80,600270,
,71541,80,600271,
,33998,80,600272,
,68315,80,600273,
,58950,80,600275,
,20017,80,600276,
,69724,80,600277,
,40278,80,600278,
,35383,80,600280,
,48525,80,600279,
,29828,80,600281,
,51936,80,600282,
,41261,80,600283,
,43383,80,600284,
,38020,80,600285,
,426,80,600286,
,43579,80,600287,
,92748,80,600288,
,61726,80,600289,
,48996,80,600290,
,63413,80,600291,
,41202,80,600292,
,40238,80,600295,
,57507,80,600293,
,410,80,600296,
,36590,80,600297,
,30040,80,600298,
,80584,80,600299,
,160114,80,600300,
,39776,80,600301,
,80575,80,600303,
,20216,80,600305,
,28341,80,600302,
,26003,80,600306,
,60775,80,600307,
,76016,80,600308,
,43077,80,600309,
,38527,80,600310,
,118865,80,600311,
,55897,80,600312,
,35437,80,600313,
,35091,80,600315,
,72477,80,600316,
,38997,80,600318,
,96136,80,600317,
,36240,80,600319,
,105740,80,600320,
,56750,80,600321,
,61868,80,600322,
,41353,80,600323,
,86257,80,600325,
,80193,80,600326,
,44885,80,600327,
,26714,80,600329,
,56217,80,600328,
,83650,80,600330,
,111086,80,600331,
,211206,80,600332,
,65538,80,600333,
,47930,80,600335,
,60621,80,600336,
,34170,80,600337,
,37411,80,600338,
,65269,80,600339,
,48171,80,600340,
,38325,80,600343,
,32004,80,600345,
,53548,80,600346,
,96427,80,600348,
,86830,80,600350,
,52392,80,600351,
,99486,80,600352,
,32432,80,600353,
,46345,80,600354,
,47521,80,600355,
,27718,80,600356,
,12521,80,600357,
,30956,80,600358,
,52317,80,600359,
,55327,80,600360,
,43233,80,600361,
,111543,80,600362,
,57787,80,600363,
,39833,80,600365,
,70391,80,600366,
,44874,80,600367,
,51970,80,600368,
,78599,80,600369,
,26278,80,600370,
,42191,80,600371,
,41410,80,600372,
,63159,80,600373,
,49007,80,600375,
,84609,80,600376,
,24396,80,600377,
,28518,80,600378,
,30897,80,600379,
,68555,80,600380,
,208545,80,600381,
,79116,80,600382,
,130205,80,600383,
,42524,80,600385,
,33054,80,600386,
,40458,80,600387,
,70762,80,600388,
,31638,80,600389,
,60845,80,600390,
,36914,80,600391,
,80511,80,600392,
,29873,80,600393,
,52712,80,600395,
,55316,80,600396,
,53961,80,600397,
,56747,80,600398,
,73395,80,600399,
,52108,80,600400,
,220077,80,600401,
,32780,80,600403,
,62037,80,600405,
,45992,80,600406,
,68274,80,600408,
,60650,80,600409,
,77008,80,600410,
,91432,80,600415,
,21926,80,600419,
,34561,80,600416,
,131138,80,600418,
,21050,80,600421,
,25915,80,600422,
,31607,80,600423,
,54863,80,600425,
,67813,80,600428,
,86435,80,600429,
,21329,80,600420,
,62053,80,600432,
,58943,80,600433,
,115805,80,600435,
,40405,80,600426,
,34583,80,600436,
,52072,80,600438,
,49831,80,600439,
,25096,80,600444,
,62253,80,600446,
,52910,80,600448,
,71595,80,600449,
,18542,80,600452,
,19302,80,600455,
,62461,80,600456,
,59382,80,600458,
,32276,80,600459,
,42032,80,600460,
,31006,80,600461,
,31940,80,600462,
,30647,80,600463,
,97195,80,600466,
,47832,80,600467,
,18659,80,600468,
,67711,80,600469,
,86666,80,600470,
,489,80,600472,
,22862,80,600475,
,25344,80,600476,
,62986,80,600477,
,57054,80,600478,
,22418,80,600479,
,38691,80,600480,
,86553,80,600482,
,54065,80,600483,
,40791,80,600481,
,53678,80,600485,
,27201,80,600486,
,44290,80,600487,
,33888,80,600488,
,186144,80,600489,
,43610,80,600490,
,43219,80,600491,
,37705,80,600493,
,71126,80,600495,
,41407,80,600496,
,70801,80,600497,
,43630,80,600498,
,59390,80,600500,
,35223,80,600499,
,61462,80,600501,
,66937,80,600502,
,233176,80,600503,
,24102,80,600505,
,46571,80,600506,
,50473,80,600507,
,33759,80,600508,
,60501,80,600509,
,35052,80,600510,
,21587,80,600511,
,53815,80,600512,
,44747,80,600513,
,140876,80,600516,
,35759,80,600517,
,64874,80,600515,
,132561,80,600518,
,139064,80,600519,
,25352,80,600520,
,33489,80,600521,
,81352,80,600522,
,36545,80,600523,
,34878,80,600525,
,45310,80,600526,
,49093,80,600527,
,38836,80,600529,
,116051,80,600528,
,26707,80,600530,
,58190,80,600531,
,59502,80,600532,
,52897,80,600533,
,27111,80,600535,
,53707,80,600536,
,75700,80,600537,
,36165,80,600538,
,39839,80,600539,
,42063,80,600540,
,54656,80,600543,
,97423,80,600545,
,60380,80,600546,
,173723,80,600547,
,29263,80,600548,
,76630,80,600549,
,100558,80,600550,
,50289,80,600551,
,20638,80,600552,
,22287,80,600553,
,85040,80,600555,
,83246,80,600556,
,27114,80,600557,
,36235,80,600558,
,18432,80,600559,
,26687,80,600560,
,24011,80,600561,
,40510,80,600562,
,29333,80,600563,
,35187,80,600566,
,72606,80,600565,
,154195,80,600567,
,71541,80,600568,
,70279,80,600569,
,77254,80,600570,
,38563,80,600571,
,58688,80,600572,
,23488,80,600573,
,47013,80,600575,
,66756,80,600576,
,45931,80,600577,
,40881,80,600578,
,26732,80,600579,
,58823,80,600580,
,44358,80,600581,
,28791,80,600582,
,115103,80,600583,
,86538,80,600584,
,98122,80,600585,
,79820,80,600586,
,20992,80,600587,
,65816,80,600588,
,39930,80,600589,
,37368,80,600590,
,13755,80,600591,
,39362,80,600592,
,18516,80,600593,
,17357,80,600594,
,62228,80,600595,
,79857,80,600596,
,42638,80,600597,
,129971,80,600598,
,96299,80,600599,
,27016,80,600600,
,122966,80,600601,
,73270,80,600602,
,54860,80,600603,
,35092,80,600604,
,14223,80,600605,
,97711,80,600606,
,14092,80,600607,
,35375,80,600608,
,73945,80,600609,
,72393,80,600610,
,98468,80,600611,
,34343,80,600612,
,26135,80,600613,
,75979,80,600614,
,22112,80,600615,
,33321,80,600616,
,17115,80,600617,
,23858,80,600619,
,32342,80,600618,
,87821,80,600620,
,41815,80,600621,
,59172,80,600622,
,30072,80,600623,
,72866,80,600624,
,167,80,600625,
,65935,80,600626,
,5554,80,600627,
,52881,80,600628,
,21208,80,600629,
,98665,80,600630,
,52245,80,600631,
,34,80,600632,
,69249,80,600633,
,58352,80,600634,
,144799,80,600635,
,88200,80,600636,
,115903,80,600637,
,71131,80,600638,
,40880,80,600639,
,76626,80,600640,
,48608,80,600641,
,86401,80,600642,
,111516,80,600643,
,47976,80,600644,
,52,80,600646,
,71915,80,600645,
,23301,80,600647,
,72202,80,600648,
,74422,80,600649,
,39339,80,600650,
,71209,80,600651,
,128697,80,600652,
,88783,80,600653,
,47061,80,600654,
,65637,80,600655,
,90777,80,600656,
,52379,80,600657,
,27821,80,600658,
,247,80,600659,
,60746,80,600660,
,27399,80,600661,
,58316,80,600662,
,53851,80,600663,
,103560,80,600664,
,45084,80,600665,
,41893,80,600666,
,62527,80,600667,
,68988,80,600668,
,83,80,600669,
,61,80,600670,
,17779,80,600671,
,425,80,600672,
,51278,80,600673,
,69999,80,600674,
,83900,80,600675,
,43613,80,600676,
,71086,80,600677,
,64377,80,600678,
,28735,80,600679,
,41713,80,600680,
,35514,80,600681,
,39868,80,600682,
,32190,80,600683,
,58718,80,600684,
,48618,80,600685,
,50461,80,600686,
,44249,80,600687,
,147599,80,600688,
,34881,80,600689,
,91284,80,600690,
,78640,80,600691,
,72400,80,600692,
,31506,80,600693,
,80953,80,600694,
,33600,80,600695,
,127322,80,600696,
,16983,80,600697,
,81449,80,600698,
,45885,80,600699,
,613,80,600700,
,87702,80,600701,
,47655,80,600702,
,76729,80,600703,
,97830,80,600704,
,265366,80,600705,
,25742,80,600706,
,38298,80,600707,
,50325,80,600708,
,97,80,600709,
,51189,80,600710,
,78336,80,600711,
,39580,80,600712,
,51314,80,600713,
,42880,80,600714,
,42187,80,600715,
,49345,80,600716,
,137647,80,600717,
,71840,80,600718,
,32551,80,600719,
,66467,80,600720,
,25265,80,600721,
,47060,80,600722,
,47399,80,600723,
,38254,80,600724,
,37368,80,600725,
,112272,80,600726,
,61527,80,600727,
,49422,80,600728,
,39047,80,600729,
,51136,80,600730,
,28889,80,600731,
,69200,80,600732,
,48359,80,600733,
,52115,80,600734,
,41828,80,600735,
,58650,80,600736,
,91526,80,600737,
,44554,80,600738,
,124921,80,600739,
,75272,80,600740,
,58063,80,600741,
,60620,80,600742,
,46246,80,600743,
,77298,80,600744,
,32832,80,600745,
,33012,80,600746,
,75592,80,600747,
,42127,80,600748,
,37124,80,600749,
,38865,80,600750,
,222,80,600752,
,65505,80,600751,
,39026,80,600753,
,123637,80,600755,
,87397,80,600756,
,34053,80,600754,
,53588,80,600757,
,33103,80,600758,
,73314,80,600759,
,62414,80,600760,
,37987,80,600761,
,685,80,600762,
,20890,80,600763,
,38629,80,600764,
,105124,80,600765,
,23809,80,600766,
,58782,80,600767,
,23891,80,600768,
,28646,80,600769,
,90693,80,600770,
,24174,80,600771,
,247,80,600772,
,65390,80,600773,
,35966,80,600774,
,25223,80,600775,
,48008,80,600776,
,56828,80,600777,
,34572,80,600778,
,89774,80,600779,
,34914,80,600780,
,15001,80,600781,
,35946,80,600782,
,119114,80,600783,
,78924,80,600784,
,42970,80,600785,
,1693,80,600786,
,64008,80,600787,
,358,80,600788,
,84711,80,600789,
,63105,80,600790,
,39316,80,600791,
,41190,80,600792,
,25282,80,600793,
,33397,80,600794,
,198060,80,600795,
,35351,80,600796,
,104063,80,600797,
,35126,80,600798,
,256,80,600799,
,73684,80,600800,
,39342,80,600801,
,50839,80,600802,
,39852,80,600803,
,110080,80,600804,
,86490,80,600805,
,50046,80,600806,
,71781,80,600807,
,134509,80,600808,
,36671,80,600809,
,51156,80,600810,
,163436,80,600811,
,56854,80,600812,
,42,80,600813,
,30949,80,600814,
,50194,80,600815,
,78641,80,600816,
,42269,80,600817,
,39115,80,600818,
,20954,80,600819,
,67486,80,600820,
,37913,80,600821,
,46195,80,600822,
,49257,80,600823,
,37160,80,600824,
,56698,80,600825,
,36017,80,600826,
,52245,80,600827,
,26144,80,600828,
,44056,80,600829,
,78200,80,600830,
,55990,80,600831,
,115904,80,600832,
,23206,80,600833,
,29413,80,600834,
,36698,80,600835,
,86033,80,600836,
,272734,80,600837,
,63106,80,600838,
,296543,80,600839,
,4927,80,600840,
,13736,80,600841,
,3607,80,600842,
,16726,80,600843,
,41442,80,600844,
,12420,80,600845,
,82697,80,600846,
,16171,80,600847,
,23771,80,600848,
,26835,80,600850,
,96776,80,600851,
,260,80,600852,
,50261,80,600853,
,69685,80,600854,
,80669,80,600855,
,31594,80,600856,
,31840,80,600857,
,29924,80,600858,
,41600,80,600859,
,24605,80,600860,
,46911,80,600861,
,66979,80,600862,
,76121,80,600863,
,78267,80,600864,
,31609,80,600865,
,45060,80,600866,
,71833,80,600867,
,324685,80,600868,
,56202,80,600869,
,47613,80,600870,
,67287,80,600872,
,85173,80,600871,
,87161,80,600873,
,43944,80,600874,
,126165,80,600875,
,51491,80,600876,
,56943,80,600877,
,112,80,600878,
,125457,80,600879,
,102519,80,600880,
,100748,80,600881,
,51289,80,600882,
,34552,80,600883,
,75433,80,600884,
,41589,80,600885,
,91228,80,600886,
,152448,80,600887,
,32241,80,600888,
,41989,80,600889,
,34391,80,600890,
,117066,80,600891,
,16599,80,600892,
,112552,80,600893,
,42661,80,600894,
,77137,80,600895,
,61299,80,600896,
,24488,80,600897,
,104651,80,600898,
,734,80,600899,
,183658,80,600900,
,18262,80,600917,
,40477,80,600958,
,49684,80,600959,
,32199,80,600960,
,49125,80,600961,
,34522,80,600962,
,68864,80,600963,
,60270,80,600965,
,49985,80,600966,
,49838,80,600967,
,53977,80,600970,
,15069,80,600969,
,39825,80,600971,
,43930,80,600973,
,41326,80,600975,
,20930,80,600976,
,77267,80,600978,
,40207,80,600979,
,34319,80,600980,
,45501,80,600981,
,33814,80,600982,
,29135,80,600983,
,19122,80,600984,
,25018,80,600985,
,40708,80,600986,
,42707,80,600987,
,66209,80,600988,
,18950,80,600990,
,16458,80,600991,
,27616,80,600992,
,28225,80,600993,
,38765,80,600995,
,22726,80,600998,
,59776,80,600997,
,73218,80,600999,
,75415,80,601000,
,62488,80,601001,
,97395,80,601002,
,32337,80,601003,
,58615,80,601005,
,150806,80,601006,
,45915,80,601007,
,96801,80,601009,
,64903,80,601010,
,78230,80,601008,
,33995,80,601011,
,23182,80,601015,
,87971,80,601018,
,29824,80,601016,
,58068,80,601012,
,4712,80,601020,
,13424,80,601021,
,26035,80,601028,
,40287,80,601038,
,26392,80,601058,
,28252,80,601069,
,163193,80,601088,
,40472,80,601098,
,121017,80,601099,
,16067,80,601100,
,37754,80,601101,
,178582,80,601106,
,116519,80,601111,
,18629,80,601113,
,60894,80,601107,
,93315,80,601117,
,18756,80,601116,
,130615,80,601118,
,16559,80,601126,
,12816,80,601137,
,25335,80,601139,
,44074,80,601155,
,49856,80,601158,
,234404,80,601166,
,161847,80,601168,
,119398,80,601169,
,29211,80,601177,
,71500,80,601179,
,218803,80,601186,
,26873,80,601188,
,16001,80,601199,
,45246,80,601198,
,24234,80,601208,
,45076,80,601211,
,139559,80,601216,
,20713,80,601218,
,20344,80,601222,
,25446,80,601225,
,19079,80,601226,
,38466,80,601231,
,37744,80,601238,
,54841,80,601233,
,81941,80,601258,
,48440,80,601268,
,197619,80,601288,
,203520,80,601299,
,32975,80,601311,
,14365,80,601313,
,325851,80,601318,
,140284,80,601328,
,131124,80,601333,
,36485,80,601336,
,12420,80,601368,
,19672,80,601339,
,37983,80,601369,
,86391,80,601377,
,27662,80,601388,
,295810,80,601390,
,214428,80,601398,
,36241,80,601518,
,18646,80,601515,
,113103,80,601519,
,62203,80,601555,
,85539,80,601558,
,12355,80,601567,
,22848,80,601566,
,12725,80,601579,
,48429,80,601636,
,250125,80,601618,
,92839,80,601628,
,78347,80,601666,
,90864,80,601601,
,185844,80,601600,
,357930,80,601668,
,67619,80,601607,
,20854,80,601616,
,77051,80,601608,
,184387,80,601669,
,63777,80,601633,
,15386,80,601677,
,73016,80,601588,
,92335,80,601688,
,43163,80,601678,
,22645,80,601599,
,18931,80,601689,
,60690,80,601699,
,27914,80,601700,
,47036,80,601717,
,124353,80,601718,
,133152,80,601727,
,575759,80,601766,
,48640,80,601777,
,125416,80,601788,
,36732,80,601789,
,27649,80,601798,
,14150,80,601799,
,77089,80,601800,
,28364,80,601801,
,53329,80,601808,
,126082,80,601818,
,383514,80,601857,
,125235,80,601866,
,24079,80,601877,
,32216,80,601888,
,89827,80,601880,
,79130,80,601872,
,49944,80,601886,
,85501,80,601898,
,47866,80,601890,
,339601,80,601899,
,50926,80,601908,
,11929,80,601900,
,96479,80,601918,
,154947,80,601901,
,234614,80,601919,
,85418,80,601928,
,60287,80,601929,
,51588,80,601933,
,147062,80,601939,
,108087,80,601958,
,28983,80,601965,
,21176,80,601968,
,86929,80,601985,
,17370,80,601969,
,226872,80,601988,
,339617,80,601989,
,58032,80,601991,
,52184,80,601992,
,82106,80,601998,
,39585,80,601996,
,28626,80,601999,
,92292,80,603000,
,24463,80,603001,
,36617,80,603002,
,23259,80,603003,
,13520,80,603005,
,9932,80,603006,
,13536,80,603008,
,9596,80,603009,
,6171,80,603010,
,11627,80,603011,
,10907,80,603012,
,9839,80,603015,
,11245,80,603018,
,7751,80,603017,
,43668,80,603019,
,6001,80,603020,
,10316,80,603021,
,8216,80,603022,
,5125,80,603023,
,13913,80,603025,
,17045,80,603026,
,4849,80,603027,
,5378,80,603028,
,889,80,603029,
,7891,80,603030,
,4668,80,603066,
,31620,80,603077,
,8373,80,603085,
,8570,80,603088,
,16565,80,603099,
,16490,80,603100,
,4156,80,603108,
,9756,80,603111,
,16469,80,603116,
,15988,80,603117,
,12360,80,603118,
,20477,80,603123,
,16395,80,603126,
,37767,80,603128,
,5226,80,603158,
,15317,80,603166,
,33738,80,603167,
,12707,80,603168,
,52655,80,603169,
,18260,80,603188,
,20888,80,603198,
,7714,80,603199,
,6174,80,603222,
,8493,80,603223,
,17757,80,603227,
,5625,80,603268,
,13409,80,603288,
,14018,80,603299,
,9373,80,603300,
,8936,80,603306,
,20944,80,603308,
,10291,80,603309,
,9783,80,603311,
,8260,80,603315,
,12121,80,603318,
,18268,80,603328,
,26138,80,603333,
,7350,80,603338,
,11630,80,603355,
,33877,80,603366,
,6528,80,603368,
,16360,80,603369,
,9782,80,603377,
,7076,80,603398,
,25250,80,603399,
,5208,80,603456,
,9444,80,603508,
,12033,80,603518,
,6929,80,603519,
,4251,80,603520,
,16749,80,603555,
,5677,80,603558,
,7893,80,603566,
,12884,80,603567,
,7821,80,603568,
,6338,80,603588,
,10797,80,603589,
,10332,80,603598,
,9485,80,603599,
,19357,80,603600,
,10612,80,603601,
,11202,80,603606,
,7684,80,603608,
,13909,80,603609,
,6679,80,603611,
,14029,80,603616,
,15706,80,603618,
,12457,80,603636,
,7350,80,603669,
,5398,80,603678,
,8795,80,603686,
,13687,80,603688,
,7845,80,603696,
,13463,80,603698,
,26856,80,603699,
,1919,80,603701,
,8473,80,603703,
,6954,80,603718,
,953,80,603726,
,6824,80,603729,
,28837,80,603766,
,5605,80,603778,
,8477,80,603788,
,13322,80,603789,
,3705,80,603798,
,15961,80,603799,
,9310,80,603800,
,16045,80,603806,
,10348,80,603808,
,17905,80,603818,
,5710,80,603828,
,7862,80,603838,
,4194,80,603861,
,10617,80,603866,
,2919,80,603868,
,9683,80,603869,
,17433,80,603883,
,14028,80,603885,
,8416,80,603889,
,6197,80,603898,
,9117,80,603899,
,6687,80,603901,
,6468,80,603918,
,5777,80,603919,
,9523,80,603936,
,6518,80,603939,
,6204,80,603968,
,12446,80,603969,
,14541,80,603979,
,9681,80,603988,
,9566,80,603989,
,60499,80,603993,
,9256,80,603996,
,12876,80,603997,
,6775,80,603998,
,11287,80,603999,
